Domain,Status,Attractiveness,Demand,Length,Sectors,Created,Expires,Registrar
one.bar,available,132,43%,3,"Business,General,Media,Technology",,,
complete.bar,available,120,21%,8,"Manufacturing,Retail,Technology",,,
second.bar,available,120,23%,6,"General,Mathematics",,,
wizard.bar,resell,118,42%,6,"Entertainment,Media,Technology",29/11/2024 10:18,29/11/2025 10:18,"Dynadot, LLC"
flat.bar,available,116,23%,4,"Construction,Real Estate",,,
equal.bar,available,116,19%,5,"Education,General,Law",,,
tenth.bar,available,116,7%,5,Mathematics,,,
tonic.bar,available,114,22%,5,"Health and Fitness,Medicine,Science",,,
above.bar,available,112,22%,5,Business,,,
acute.bar,available,112,9%,5,"Mathematics,Medicine,Science",,,
abstract.bar,available,108,29%,8,"Arts,Humanities,Science",,,
abiding.bar,available,106,5%,7,"General,Religion",,,
active.bar,available,104,27%,6,"Health and Fitness,Sports,Travel",,,
expert.bar,available,104,26%,6,"Business,Education,Technology",,,
teen.bar,available,104,14%,4,"Education,Entertainment,Healthcare",,,
absent.bar,available,102,8%,6,"Business,Education,Technology",,,
eight.bar,available,102,23%,5,"General,Mathematics",,,
captive.bar,available,102,14%,7,"Entertainment,Hospitality,Technology",,,
remove.bar,available,100,13%,6,"Construction,Manufacturing,Technology",,,
abrupt.bar,available,100,3%,6,"Medicine,Science",,,
ninth.bar,available,100,9%,5,Mathematics,,,
crack.bar,available,100,20%,5,Sports,,,
sixth.bar,available,100,8%,5,Mathematics,,,
third.bar,available,100,15%,5,Mathematics,,,
whiz.bar,available,100,12%,4,"Business,Education,Technology",,,
adjunct.bar,available,100,5%,7,Education,,,
eighth.bar,available,100,6%,6,Mathematics,,,
whizz.bar,available,98,11%,5,"Business,Education,Technology",,,
genius.bar,available,98,46%,6,"Arts,Education,Technology",,,
forgiving.bar,available,96,3%,9,"Healthcare,Religion",,,
alamode.bar,available,96,12%,9,Fashion,,,
doable.bar,available,96,9%,6,"Business,Education,Technology",,,
academic.bar,available,96,20%,8,"Education,Humanities,Science",,,
actual.bar,available,96,22%,6,"Real Estate,Retail,Technology",,,
abject.bar,available,94,7%,6,Humanities,,,
adequate.bar,available,94,9%,8,"Education,Healthcare,Technology",,,
virtuoso.bar,available,94,16%,8,"Arts,Entertainment",,,
about.bar,available,94,28%,5,"Business,General,Media,Technology",,,
next.bar,available,92,43%,4,"Retail,Technology,Transportation",,,
twentieth.bar,available,92,3%,9,Mathematics,,,
neutral.bar,available,92,20%,7,"Business,Media,Politics",,,
adjective.bar,available,92,5%,9,Education,,,
exemplary.bar,available,92,5%,9,"Business,Education,Healthcare",,,
derelict.bar,available,92,7%,8,"Construction,Real Estate",,,
nought.bar,available,92,4%,6,Mathematics,,,
adept.bar,available,92,24%,5,"Education,Health and Fitness,Sports",,,
abroad.bar,available,92,12%,6,"Hospitality,Travel",,,
adoring.bar,available,90,2%,7,"Entertainment,Fashion,Retail",,,
riveting.bar,available,90,6%,8,"Entertainment,Media,Technology",,,
abortive.bar,available,90,1%,8,"Medicine,Science",,,
gripping.bar,available,90,3%,8,"Entertainment,Media,Technology",,,
addictive.bar,available,90,9%,9,Healthcare,,,
endearing.bar,available,90,1%,9,"Entertainment,Fashion,Retail",,,
additional.bar,available,90,8%,10,"Fashion,Retail,Technology",,,
adlib.bar,available,88,7%,6,Entertainment,,,
ace.bar,available,88,34%,3,Sports,,,
proficient.bar,available,88,8%,10,"Education,Health and Fitness,Sports",,,
eleven.bar,available,88,32%,6,Mathematics,,,
fifteen.bar,available,88,13%,7,Mathematics,,,
twelve.bar,available,88,18%,6,"General,Mathematics",,,
ten.bar,available,88,27%,3,"General,Mathematics",,,
sixteen.bar,expiring,88,10%,7,Mathematics,01/09/2021 09:33,01/09/2025 23:59,"Ascio Technologies, Inc. - Denmark"
actionable.bar,available,88,13%,10,"Business,Law",,,
three.bar,resell,88,23%,5,Mathematics,22/07/2025 18:27,22/07/2026 18:27,GoDaddy
wide.bar,resell,88,18%,4,"Business,Media,Technology",13/01/2024 02:45,13/01/2026 23:59,"Sav.com, LLC"
hundred.bar,available,88,13%,7,Mathematics,,,
activist.bar,available,88,12%,8,"Humanities,Politics",,,
engrossing.bar,available,86,0%,10,"Entertainment,Media,Technology",,,
aboriginal.bar,available,86,10%,10,Humanities,,,
intent.bar,available,86,25%,6,"Business,Education,Technology",,,
attendant.bar,available,86,5%,9,"Healthcare,Hospitality,Transportation",,,
cipher.bar,available,86,29%,6,Mathematics,,,
xix.bar,available,86,10%,3,Mathematics,,,
extempore.bar,available,86,3%,9,Entertainment,,,
xiv.bar,available,86,12%,3,Mathematics,,,
adolescent.bar,available,86,3%,10,"Education,Entertainment,Healthcare",,,
recondite.bar,available,86,4%,9,"Arts,Humanities,Science",,,
grand.bar,available,84,25%,5,"Finance,General",,,
deviate.bar,available,84,12%,7,"Medicine,Science",,,
seventeen.bar,available,84,7%,9,Mathematics,,,
twentytwo.bar,available,84,10%,10,Mathematics,,,
twentyone.bar,available,84,13%,10,Mathematics,,,
thousand.bar,available,84,8%,8,Mathematics,,,
fourteen.bar,available,84,8%,8,Mathematics,,,
thirteen.bar,available,84,10%,8,Mathematics,,,
accessory.bar,available,84,8%,9,"Fashion,Retail,Technology",,,
acting.bar,available,84,12%,6,Entertainment,,,
nineteen.bar,available,84,8%,8,Mathematics,,,
altered.bar,available,82,9%,7,"Medicine,Science",,,
absorbent.bar,available,82,3%,9,"Healthcare,Manufacturing,Retail",,,
abroach.bar,available,82,1%,7,Food and Beverage,,,
abdominal.bar,available,82,1%,9,"Health and Fitness,Medicine",,,
abenaki.bar,available,82,2%,7,Geography,,,
fivesome.bar,available,82,1%,8,Sports,,,
abkhaz.bar,available,82,1%,6,Geography,,,
cleansing.bar,available,82,3%,9,Health and Fitness,,,
dozen.bar,available,82,10%,5,Mathematics,,,
decade.bar,available,82,10%,6,Mathematics,,,
impromptu.bar,available,82,16%,9,Entertainment,,,
enduring.bar,available,82,9%,8,"Health and Fitness,Religion",,,
absurd.bar,available,80,16%,6,"Arts,Entertainment,Media",,,
sequent.bar,available,80,7%,7,"Healthcare,Insurance,Transportation",,,
absorbable.bar,available,80,0%,10,"Healthcare,Pharmaceuticals,Science",,,
wiz.bar,available,80,30%,3,"Business,Education,Technology",,,
absolute.bar,available,80,25%,8,"Engineering,Mathematics,Science",,,
worshipful.bar,available,80,1%,10,"Education,Healthcare,Religion",,,
abundant.bar,available,80,19%,8,"Agriculture,Manufacturing,Retail",,,
able.bar,available,80,29%,4,"Business,Education,General,Technology",,,
twenty.bar,available,80,12%,6,Mathematics,,,
first.bar,available,80,34%,5,"General,Mathematics",,,
forty.bar,available,80,9%,5,Mathematics,,,
two.bar,available,80,23%,3,Mathematics,,,
trio.bar,resell,80,21%,4,Entertainment,29/11/2024 10:18,29/11/2025 10:18,"Dynadot, LLC"
dorsal.bar,available,80,6%,6,"Medicine,Science",,,
capable.bar,available,80,12%,7,"Business,Education,Technology",,,
nine.bar,expired,80,24%,4,"General,Mathematics",29/06/2024 20:05,29/06/2025 20:05,NAMECHEAP
adoptable.bar,available,80,3%,9,"Education,Healthcare",,,
some.bar,available,80,32%,4,"Business,Media,Retail",,,
abkhazian.bar,available,78,1%,9,Geography,,,
adrenal.bar,available,78,4%,7,"Education,Healthcare,Science",,,
accurate.bar,available,78,16%,8,"Engineering,Mathematics,Science",,,
accidental.bar,available,78,11%,10,"Healthcare,Insurance,Transportation",,,
dormant.bar,available,78,4%,7,"Medicine,Science",,,
recognised.bar,available,78,3%,10,"Business,Education,Technology",,,
absorptive.bar,available,78,1%,10,"Healthcare,Manufacturing,Retail",,,
accessible.bar,available,78,21%,10,"Healthcare,Retail,Technology",,,
adjacent.bar,available,78,9%,8,"Construction,Real Estate,Retail",,,
sixtynine.bar,available,78,8%,10,Mathematics,,,
low.bar,available,78,20%,3,"Business,Finance",,,
honestly.bar,available,78,9%,8,"Business,Law",,,
recognized.bar,available,78,3%,10,"Business,Education,Technology",,,
acceptant.bar,available,78,1%,9,"Education,Healthcare",,,
abkhasian.bar,available,78,1%,9,Geography,,,
acceptable.bar,available,78,5%,10,"Business,Hospitality,Retail",,,
adorable.bar,available,78,8%,8,"Entertainment,Fashion,Retail",,,
twentysix.bar,available,78,8%,10,Mathematics,,,
abounding.bar,available,78,2%,9,Agriculture,,,
accepted.bar,available,78,6%,8,"Business,Education,Technology",,,
athletic.bar,available,78,15%,8,"Health and Fitness,Sports",,,
incidental.bar,available,76,4%,10,"Healthcare,Insurance,Transportation",,,
diamond.bar,available,76,32%,7,Fashion,,,
ague.bar,available,76,2%,4,"Geography,Medicine,Science",,,
abrasive.bar,available,76,6%,8,"Construction,Manufacturing",,,
eighteen.bar,available,76,7%,8,Mathematics,,,
acoustic.bar,available,76,14%,8,Science,,,
threed.bar,available,76,7%,7,Technology,,,
thirteenth.bar,available,76,3%,10,Mathematics,,,
adaptive.bar,available,76,28%,8,"Business,Education,Technology",,,
adaptable.bar,available,76,9%,9,"Business,Education,Technology",,,
nineteenth.bar,available,76,3%,10,Mathematics,,,
ancillary.bar,available,76,6%,9,"Healthcare,Manufacturing,Technology",,,
addable.bar,available,76,2%,7,"Engineering,Mathematics,Science",,,
energizing.bar,available,76,3%,10,"Food and Beverage,Health and Fitness,Travel",,,
thousandth.bar,available,76,1%,10,Mathematics,,,
obscene.bar,available,76,5%,7,"Entertainment,Media",,,
resultant.bar,available,76,2%,9,"Healthcare,Insurance,Transportation",,,
adherent.bar,available,76,4%,8,"Politics,Religion",,,
fifteenth.bar,available,76,2%,9,Mathematics,,,
fourteenth.bar,available,76,2%,10,Mathematics,,,
firstrate.bar,available,76,6%,10,Business,,,
adhesive.bar,available,76,7%,8,"Construction,Manufacturing,Technology",,,
hundredth.bar,available,76,1%,9,Mathematics,,,
auxiliary.bar,available,76,7%,9,"Healthcare,Manufacturing,Technology",,,
improvise.bar,available,76,4%,9,Entertainment,,,
ventral.bar,available,76,3%,7,Science,,,
adipose.bar,available,76,2%,7,"Healthcare,Science",,,
cleared.bar,available,74,7%,7,"Healthcare,Law,Transportation",,,
achievable.bar,available,74,4%,10,"Business,Education,Technology",,,
adapted.bar,available,74,6%,7,"Healthcare,Manufacturing,Technology",,,
aberrant.bar,available,74,6%,8,"Medicine,Science",,,
skilful.bar,available,74,3%,7,"Education,Health and Fitness,Sports",,,
mavin.bar,available,74,7%,5,"Entertainment,Fashion,Technology",,,
supra.bar,available,74,25%,5,"Medicine,Science",,,
broad.bar,available,74,13%,5,"Entertainment,General,Media",,,
activated.bar,available,74,9%,9,"Healthcare,Manufacturing,Technology",,,
adamant.bar,available,74,14%,7,Religion,,,
abnormal.bar,available,74,16%,8,"Medicine,Science",,,
single.bar,available,74,19%,6,Sports,,,
adenoid.bar,available,74,1%,7,"Health and Fitness,Medicine,Science",,,
manageable.bar,available,74,4%,10,"Business,Education,Technology",,,
admirable.bar,available,74,5%,9,"Business,Education,Healthcare",,,
realizable.bar,available,74,1%,10,"Business,Education,Technology",,,
adrenergic.bar,available,74,1%,10,"Education,Healthcare,Science",,,
accepting.bar,available,74,3%,9,"Education,Healthcare",,,
acuate.bar,available,74,2%,6,"Engineering,Medicine,Science",,,
playing.bar,available,74,12%,7,Entertainment,,,
ablaze.bar,available,72,6%,6,Entertainment,,,
abreast.bar,available,72,2%,7,"Business,Technology",,,
accustomed.bar,available,72,1%,10,"Business,Education,Humanities",,,
ternary.bar,available,72,7%,7,Mathematics,,,
adaptative.bar,available,72,1%,10,"Business,Education,Technology",,,
adiabatic.bar,available,72,3%,9,"Engineering,Science",,,
lovely.bar,available,72,26%,6,"Entertainment,Fashion,Retail",,,
engrossed.bar,available,72,1%,9,"Entertainment,Media,Technology",,,
aching.bar,available,72,4%,6,Healthcare,,,
trey.bar,available,72,13%,4,Sports,,,
absolutist.bar,available,72,1%,10,"Humanities,Law,Politics",,,
adjectival.bar,available,72,1%,10,Education,,,
existent.bar,available,72,3%,8,"Mathematics,Science",,,
improvize.bar,available,72,1%,9,Entertainment,,,
absorbed.bar,available,72,2%,8,"Entertainment,Media,Technology",,,
eightieth.bar,available,72,1%,9,Mathematics,,,
ninetieth.bar,available,72,1%,9,Mathematics,,,
accusative.bar,available,72,0%,10,"Humanities,Law",,,
sixtieth.bar,available,72,1%,8,Mathematics,,,
abloom.bar,available,72,5%,6,Agriculture,,,
seventieth.bar,available,72,1%,10,Mathematics,,,
adjunctive.bar,available,72,1%,10,"Healthcare,Manufacturing,Technology",,,
champion.bar,available,72,28%,8,"Entertainment,Health and Fitness,Sports",,,
adonic.bar,available,72,2%,6,"Arts,Education,Entertainment",,,
trinity.bar,available,72,18%,7,Religion,,,
addicted.bar,available,72,9%,8,Healthcare,,,
deep.bar,available,72,41%,4,"Engineering,Mathematics,Science",,,
acuminate.bar,available,70,1%,9,"Engineering,Medicine,Science",,,
stillborn.bar,available,70,2%,9,"Medicine,Science",,,
absorbing.bar,available,70,3%,9,"Entertainment,Media,Technology",,,
skillful.bar,available,70,9%,8,"Education,Health and Fitness,Sports",,,
consequent.bar,available,70,3%,10,"Business,Education,General,Technology",,,
gymnastic.bar,available,70,3%,9,"Entertainment,Sports",,,
accumbent.bar,available,70,1%,9,"Healthcare,Medicine,Science",,,
miserable.bar,available,70,4%,9,Humanities,,,
abradant.bar,available,70,1%,8,"Construction,Manufacturing",,,
recumbent.bar,available,70,2%,9,"Healthcare,Medicine,Science",,,
adored.bar,available,70,6%,6,"Entertainment,Fashion,Retail",,,
abulic.bar,available,70,1%,6,Medicine,,,
tiptop.bar,resell,70,24%,6,Fashion,29/11/2024 10:18,29/11/2025 10:18,"Dynadot, LLC"
offhand.bar,available,70,2%,7,Entertainment,,,
admired.bar,available,70,5%,7,"Business,Education,Healthcare",,,
adjusted.bar,available,70,5%,8,"Manufacturing,Retail,Technology",,,
lowdown.bar,available,70,6%,8,"Entertainment,Media",,,
practiced.bar,available,70,3%,9,"Education,Health and Fitness,Sports",,,
adamantine.bar,available,70,4%,10,Religion,,,
vindicated.bar,available,68,2%,10,"Humanities,Law,Politics",,,
octonary.bar,available,68,1%,8,Mathematics,,,
sevener.bar,available,68,1%,7,Mathematics,,,
aroused.bar,available,68,3%,7,"Entertainment,Health and Fitness",,,
scurvy.bar,available,68,3%,6,Humanities,,,
abducent.bar,available,68,0%,8,Medicine,,,
foursome.bar,available,68,4%,8,Sports,,,
aberdonian.bar,available,68,1%,10,Geography,,,
ennead.bar,available,68,5%,6,Mathematics,,,
licenced.bar,available,68,2%,8,"Business,Healthcare,Insurance",,,
overseas.bar,available,68,12%,8,"Hospitality,Travel",,,
threesome.bar,available,68,5%,9,Entertainment,,,
disciple.bar,available,68,14%,8,"Education,Religion",,,
activating.bar,available,68,3%,10,"Healthcare,Manufacturing,Technology",,,
ane.bar,available,68,12%,3,Mathematics,,,
stygian.bar,available,68,5%,7,Humanities,,,
fiftieth.bar,available,68,1%,8,Mathematics,,,
aculeate.bar,available,68,1%,8,"Engineering,Medicine,Science",,,
septenary.bar,available,68,2%,9,Mathematics,,,
abkhas.bar,available,68,0%,6,Geography,,,
achaian.bar,available,68,2%,7,Humanities,,,
acerate.bar,available,68,1%,7,Science,,,
accredited.bar,available,68,9%,10,"Business,Education,Healthcare",,,
achaean.bar,available,68,2%,7,Humanities,,,
decorated.bar,available,68,3%,9,"Entertainment,Fashion,Retail",,,
licensed.bar,available,68,5%,8,"Business,Healthcare,Insurance",,,
fortieth.bar,available,68,1%,8,Mathematics,,,
ablative.bar,available,68,3%,8,Science,,,
thirtieth.bar,available,68,1%,9,Mathematics,,,
abnaki.bar,available,68,1%,6,Geography,,,
sextet.bar,available,66,2%,6,Entertainment,,,
xvi.bar,available,66,4%,3,Mathematics,,,
adopted.bar,available,66,4%,7,"Education,Healthcare",,,
performing.bar,available,66,6%,10,Entertainment,,,
xii.bar,expired,66,10%,3,Mathematics,12/06/2024 10:48,12/06/2025 10:48,NAMECHEAP
six.bar,available,66,26%,3,Mathematics,,,
latest.bar,available,66,18%,6,Technology,,,
century.bar,available,66,17%,7,Education,,,
xvii.bar,available,66,5%,4,Mathematics,,,
abstinent.bar,available,66,1%,9,"Health and Fitness,Religion",,,
xviii.bar,available,66,4%,5,Mathematics,,,
onec.bar,available,66,6%,5,Mathematics,,,
thirty.bar,available,66,7%,6,Mathematics,,,
xiii.bar,available,66,9%,4,Mathematics,,,
ninety.bar,available,66,11%,6,Mathematics,,,
eighty.bar,available,66,6%,6,Mathematics,,,
five.bar,available,66,26%,4,Mathematics,,,
exonerated.bar,available,66,2%,10,"Humanities,Law,Politics",,,
tenner.bar,available,66,4%,6,Finance,,,
teenager.bar,available,66,4%,8,"Education,Entertainment,Healthcare",,,
four.bar,resell,66,27%,4,Mathematics,22/07/2025 18:27,22/07/2026 18:27,GoDaddy
modish.bar,available,66,5%,6,Fashion,,,
accessary.bar,available,66,1%,9,"Business,Law,Technology",,,
xxvi.bar,available,66,3%,4,Mathematics,,,
xxii.bar,available,66,6%,4,Mathematics,,,
clv.bar,available,66,10%,3,Mathematics,,,
acervate.bar,available,66,1%,8,Science,,,
fifty.bar,expiring,66,13%,5,Mathematics,18/09/2020 11:45,18/09/2025 23:59,Squarespace Domains II LLC
adorned.bar,available,66,5%,7,"Entertainment,Fashion,Retail",,,
acrobatic.bar,available,66,4%,9,"Entertainment,Sports",,,
buzzing.bar,available,66,7%,7,"Entertainment,Media,Technology",,,
according.bar,available,66,3%,9,"Business,Education,Technology",,,
xxv.bar,available,66,6%,3,Mathematics,,,
acappella.bar,available,66,6%,10,Entertainment,,,
absolved.bar,available,64,1%,8,"Humanities,Law,Religion",,,
accordant.bar,available,64,3%,9,"Arts,Entertainment",,,
nondrinker.bar,available,64,1%,10,"Health and Fitness,Religion",,,
adagio.bar,available,64,14%,6,Entertainment,,,
aflame.bar,available,64,3%,6,Entertainment,,,
astringent.bar,available,64,1%,10,"Healthcare,Pharmaceuticals",,,
deviant.bar,available,64,12%,7,"Medicine,Science",,,
acentric.bar,available,64,2%,8,Science,,,
scatty.bar,available,64,1%,6,"Arts,Entertainment,Media",,,
rising.bar,available,64,18%,6,"Construction,Manufacturing,Real Estate",,,
eleventh.bar,available,62,5%,8,Mathematics,,,
cumulative.bar,available,62,2%,10,"Banking,Finance,Insurance",,,
activistic.bar,available,62,1%,10,"Humanities,Politics",,,
orso.bar,available,62,9%,5,"Business,Media,Technology",,,
roughly.bar,available,62,3%,7,"Business,Media,Technology",,,
acidic.bar,available,62,5%,6,"Food and Beverage,Science",,,
troika.bar,available,62,8%,6,Politics,,,
adjuvant.bar,available,62,5%,8,"Healthcare,Manufacturing,Technology",,,
aborigine.bar,available,62,1%,9,Humanities,,,
chiliad.bar,available,62,2%,7,Mathematics,,,
ensuant.bar,available,62,1%,7,"Healthcare,Insurance,Transportation",,,
pungent.bar,available,62,1%,7,Food and Beverage,,,
quartet.bar,available,62,7%,7,"Arts,Entertainment",,,
wrapped.bar,available,62,13%,7,"Fashion,Hospitality,Retail",,,
exculpated.bar,available,62,1%,10,"Humanities,Law,Politics",,,
nail.bar,available,62,16%,4,"Construction,Fashion,General,Retail",,,
playacting.bar,available,62,1%,10,Entertainment,,,
fortyfour.bar,available,62,6%,10,Mathematics,,,
longdozen.bar,available,62,1%,10,Mathematics,,,
sixteenth.bar,available,62,1%,9,Mathematics,,,
eighteenth.bar,available,62,1%,10,Mathematics,,,
admissible.bar,available,62,1%,10,"Education,Healthcare,Law",,,
adoptive.bar,available,62,1%,8,"Education,Healthcare",,,
twodozen.bar,available,62,1%,9,Mathematics,,,
aufait.bar,available,62,3%,7,"Fashion,Media",,,
accrued.bar,available,62,2%,7,"Banking,Finance,Insurance",,,
abo.bar,available,62,15%,3,Science,,,
accusing.bar,available,62,1%,8,Law,,,
activation.bar,available,62,16%,10,"Healthcare,Manufacturing,Technology",,,
cxx.bar,available,60,9%,3,Mathematics,,,
cxl.bar,available,60,7%,3,Mathematics,,,
sixty.bar,available,60,13%,5,Mathematics,,,
cxxx.bar,available,60,3%,4,Mathematics,,,
octet.bar,available,60,12%,5,Arts,,,
abashed.bar,available,60,1%,7,Humanities,,,
cxv.bar,available,60,4%,3,Mathematics,,,
cxxv.bar,available,60,1%,4,Mathematics,,,
clxx.bar,available,60,2%,4,Mathematics,,,
tertiary.bar,available,60,4%,8,Education,,,
aboveboard.bar,available,60,5%,10,"Business,Law",,,
abstainer.bar,available,60,0%,9,"Health and Fitness,Religion",,,
adnate.bar,available,60,1%,6,"Agriculture,Manufacturing,Retail",,,
abstemious.bar,available,60,0%,10,"Food and Beverage,Health and Fitness,Hospitality",,,
cautionary.bar,available,60,1%,10,"Business,Education,Healthcare",,,
clxxv.bar,available,60,1%,5,Mathematics,,,
cxlv.bar,available,60,2%,4,Mathematics,,,
paunchy.bar,available,60,0%,7,"Health and Fitness,Medicine",,,
xcl.bar,available,60,5%,3,Mathematics,,,
annexal.bar,available,60,1%,7,"Agriculture,Manufacturing,Retail",,,
clx.bar,available,60,8%,3,Mathematics,,,
idolised.bar,available,60,1%,8,"Entertainment,Fashion,Retail",,,
thou.bar,available,60,7%,4,Mathematics,,,
clxv.bar,available,60,1%,4,Mathematics,,,
adnexal.bar,available,60,1%,7,"Agriculture,Manufacturing,Retail",,,
clxxx.bar,available,60,1%,5,Mathematics,,,
acceptive.bar,available,60,1%,9,"Education,Healthcare",,,
cxxxv.bar,available,60,1%,5,Mathematics,,,
idolized.bar,available,60,3%,8,"Entertainment,Fashion,Retail",,,
tercet.bar,available,59,2%,6,"Arts,Entertainment,Media",,,
lxxx.bar,available,58,2%,4,Mathematics,,,
quintet.bar,available,58,8%,7,"Arts,Entertainment",,,
alacarte.bar,available,58,11%,10,Food and Beverage,,,
accretive.bar,available,58,6%,9,"Banking,Finance,Insurance",,,
adhoc.bar,available,58,24%,6,"Business,Engineering,Technology",,,
niner.bar,available,58,5%,5,Mathematics,,,
twelfth.bar,available,58,2%,7,Mathematics,,,
accoutred.bar,available,58,1%,9,"Fashion,Manufacturing,Retail",,,
super.bar,available,58,47%,5,Business,,,
addible.bar,available,58,2%,7,"Engineering,Mathematics,Science",,,
acyclic.bar,available,58,4%,7,"Engineering,Mathematics,Science",,,
sixer.bar,available,58,5%,5,Sports,,,
centesimal.bar,available,58,1%,10,Mathematics,,,
accented.bar,available,58,3%,8,"Arts,Entertainment",,,
hexad.bar,available,58,5%,5,Mathematics,,,
aucourant.bar,available,58,3%,10,"Fashion,Media",,,
fifth.bar,available,58,12%,5,Mathematics,,,
seventy.bar,available,58,7%,7,Mathematics,,,
tetrad.bar,available,58,5%,6,Mathematics,,,
adjustive.bar,available,58,1%,9,"Manufacturing,Retail,Technology",,,
fourscore.bar,available,58,4%,9,Mathematics,,,
closeto.bar,available,58,3%,8,"Business,Media,Technology",,,
abused.bar,available,58,5%,6,"Healthcare,Law",,,
cypher.bar,expiring,58,28%,6,Mathematics,08/09/2024 01:16,08/09/2025 01:16,NAMECHEAP
lxxviii.bar,available,58,1%,7,Mathematics,,,
pentad.bar,available,58,3%,6,Mathematics,,,
offhanded.bar,available,58,1%,9,Entertainment,,,
ache.bar,available,58,7%,4,Healthcare,,,
abridged.bar,available,58,4%,8,Media,,,
justabout.bar,available,58,3%,10,"Business,Media,Technology",,,
enwrapped.bar,available,58,0%,9,"Entertainment,Fashion,Media",,,
eighter.bar,available,58,2%,7,Mathematics,,,
sextuplet.bar,available,58,1%,9,Healthcare,,,
adient.bar,available,58,4%,6,"Medicine,Science",,,
octad.bar,available,58,5%,5,Mathematics,,,
addressed.bar,available,58,3%,9,"Business,Technology,Telecommunications",,,
acetic.bar,available,58,1%,6,"Food and Beverage,Science",,,
fourth.bar,available,58,13%,6,Mathematics,,,
heptad.bar,available,58,2%,6,Mathematics,,,
sixtyone.bar,available,58,5%,9,Mathematics,,,
seven.bar,resell,58,35%,5,Mathematics,29/11/2024 10:18,29/11/2025 10:18,"Dynadot, LLC"
abuzz.bar,available,58,5%,5,"Entertainment,Media,Technology",,,
actuarial.bar,available,58,8%,9,"Finance,Insurance,Mathematics",,,
abeyant.bar,available,56,1%,7,"Business,Law",,,
xxxi.bar,available,56,8%,4,Mathematics,,,
fiftynine.bar,available,56,4%,10,Mathematics,,,
fiftysix.bar,available,56,4%,9,Mathematics,,,
xxxiv.bar,available,56,1%,5,Mathematics,,,
xxiii.bar,available,56,4%,5,Mathematics,,,
fortysix.bar,available,56,4%,9,Mathematics,,,
abdominous.bar,available,56,0%,10,"Health and Fitness,Medicine",,,
appressed.bar,available,56,0%,9,"Agriculture,Manufacturing,Retail",,,
accoutered.bar,available,56,0%,10,"Fashion,Manufacturing,Retail",,,
maledict.bar,available,56,1%,8,Religion,,,
admittable.bar,available,56,1%,10,"Education,Healthcare,Hospitality",,,
xlvi.bar,available,56,3%,4,Mathematics,,,
xliv.bar,available,56,3%,4,Mathematics,,,
xxix.bar,available,56,4%,4,Mathematics,,,
halfdozen.bar,available,56,1%,10,Mathematics,,,
xliii.bar,available,56,1%,5,Mathematics,,,
addled.bar,available,56,2%,6,Entertainment,,,
fortyone.bar,available,56,5%,9,Mathematics,,,
fortytwo.bar,available,56,17%,9,Mathematics,,,
xli.bar,available,56,5%,3,Mathematics,,,
lvi.bar,available,56,8%,3,Mathematics,,,
ilx.bar,available,56,6%,3,Mathematics,,,
aone.bar,available,56,15%,5,Food and Beverage,,,
xlvii.bar,available,56,2%,5,Mathematics,,,
thirtytwo.bar,available,56,4%,10,Mathematics,,,
xlii.bar,available,56,5%,4,Mathematics,,,
fiftytwo.bar,available,56,6%,9,Mathematics,,,
triad.bar,available,56,15%,5,Arts,,,
xxviii.bar,available,56,1%,6,Mathematics,,,
terzetto.bar,available,56,3%,8,Arts,,,
fiftyfive.bar,available,56,8%,10,Mathematics,,,
fortynine.bar,available,56,3%,10,Mathematics,,,
potbellied.bar,available,56,0%,10,"Health and Fitness,Medicine",,,
xxxv.bar,available,56,4%,4,Mathematics,,,
liii.bar,available,56,4%,4,Mathematics,,,
xxvii.bar,available,56,3%,5,Mathematics,,,
xlv.bar,available,56,6%,3,Mathematics,,,
xxxviii.bar,available,56,1%,7,Mathematics,,,
xxxii.bar,available,56,1%,5,Mathematics,,,
lii.bar,available,56,7%,3,Mathematics,,,
lviii.bar,available,56,1%,5,Mathematics,,,
admittible.bar,available,56,1%,10,"Education,Healthcare,Hospitality",,,
thirtyone.bar,available,56,4%,10,Mathematics,,,
xxxvi.bar,available,56,1%,5,Mathematics,,,
lvii.bar,available,56,2%,4,Mathematics,,,
xxiv.bar,available,56,5%,4,Mathematics,,,
xxxvii.bar,available,56,2%,6,Mathematics,,,
xxxiii.bar,available,56,2%,6,Mathematics,,,
fiftyfour.bar,available,56,4%,10,Mathematics,,,
admissive.bar,available,56,1%,9,"Education,Healthcare,Hospitality",,,
fiftyone.bar,available,56,8%,9,Mathematics,,,
xlviii.bar,available,56,1%,6,Mathematics,,,
abasic.bar,available,54,1%,6,Science,,,
quaternion.bar,available,54,6%,10,Mathematics,,,
abient.bar,available,54,1%,6,Science,,,
quadruplet.bar,available,54,1%,10,"Healthcare,Medicine,Science",,,
adpressed.bar,available,54,0%,9,"Agriculture,Manufacturing,Retail",,,
achy.bar,available,54,3%,4,Healthcare,,,
adductive.bar,available,54,0%,9,"Engineering,Mathematics,Science",,,
achromatic.bar,available,54,4%,10,Science,,,
unnatural.bar,available,54,4%,9,"Medicine,Science",,,
abhorrent.bar,available,54,1%,9,Humanities,,,
threescore.bar,available,54,2%,10,Mathematics,,,
deuceace.bar,available,54,1%,9,Sports,,,
adducent.bar,available,54,1%,8,"Engineering,Mathematics,Science",,,
deserted.bar,available,54,3%,8,"Hospitality,Real Estate",,,
adaxial.bar,available,54,2%,7,Science,,,
aboral.bar,available,54,2%,6,Science,,,
actuated.bar,available,54,2%,8,"Automotive,Manufacturing,Technology",,,
adjuratory.bar,available,54,0%,10,"Law,Politics,Religion",,,
iii.bar,available,54,24%,3,Mathematics,,,
quatern.bar,available,54,2%,7,Mathematics,,,
abatable.bar,available,54,1%,8,Law,,,
ternion.bar,available,54,3%,7,Mathematics,,,
quaternity.bar,available,54,4%,10,Mathematics,,,
acoustical.bar,available,54,4%,10,Science,,,
topnotch.bar,available,54,18%,8,Business,,,
twoscore.bar,available,54,2%,8,Mathematics,,,
accursed.bar,available,54,3%,8,"Entertainment,Media,Religion",,,
scratchy.bar,available,54,3%,8,Fashion,,,
accentual.bar,available,54,3%,9,"Arts,Entertainment",,,
quintuplet.bar,available,54,1%,10,"Healthcare,Medicine,Science",,,
sise.bar,available,54,5%,4,Mathematics,,,
abatic.bar,available,54,1%,6,Science,,,
abducens.bar,available,54,1%,8,Medicine,,,
admonitory.bar,available,54,0%,10,"Business,Education,Healthcare",,,
monitory.bar,available,54,3%,8,"Business,Education,Healthcare",,,
abaxial.bar,available,54,1%,7,Science,,,
adducting.bar,available,54,1%,9,"Engineering,Mathematics,Science",,,
fortyfive.bar,available,54,5%,10,Mathematics,,,
septet.bar,available,53,1%,6,General,,,
xxx.bar,available,53,30%,3,"Arts,Entertainment,Media",,,
sestet.bar,available,53,1%,6,Arts,,,
abysmal.bar,available,52,4%,7,"Arts,Entertainment,Media",,,
lxxxi.bar,available,52,1%,5,Mathematics,,,
xcviii.bar,available,52,1%,6,Mathematics,,,
ninetytwo.bar,available,52,4%,10,Mathematics,,,
lxviii.bar,available,52,2%,6,Mathematics,,,
ixc.bar,available,52,5%,3,Mathematics,,,
xcvi.bar,available,52,2%,4,Mathematics,,,
uphill.bar,available,52,7%,6,"Sports,Transportation,Travel",,,
lxxiii.bar,available,52,2%,6,Mathematics,,,
lxv.bar,available,52,5%,3,Mathematics,,,
sixtytwo.bar,available,52,3%,9,Mathematics,,,
sixtyfour.bar,available,52,4%,10,Mathematics,,,
adenoidal.bar,available,52,1%,9,"Health and Fitness,Medicine,Science",,,
lxiii.bar,available,52,2%,5,Mathematics,,,
lxxvii.bar,available,52,2%,6,Mathematics,,,
aboulic.bar,available,52,1%,7,Medicine,,,
lxxxvii.bar,available,52,1%,7,Mathematics,,,
tierce.bar,available,52,3%,6,General,,,
decumbent.bar,available,52,1%,9,"Healthcare,Medicine,Science",,,
detestable.bar,available,52,1%,10,Humanities,,,
lxvii.bar,available,52,1%,5,Mathematics,,,
xcv.bar,available,52,7%,3,Mathematics,,,
lxxiv.bar,available,52,1%,5,Mathematics,,,
xcvii.bar,available,52,1%,5,Mathematics,,,
repugnant.bar,available,52,1%,9,Humanities,,,
ninetysix.bar,available,52,4%,10,Mathematics,,,
lxi.bar,available,52,5%,3,Mathematics,,,
ablated.bar,available,52,1%,7,Science,,,
lxxii.bar,available,52,1%,5,Mathematics,,,
chagrined.bar,available,52,1%,9,Humanities,,,
xciv.bar,available,52,2%,4,Mathematics,,,
sixtyfive.bar,available,52,3%,10,Mathematics,,,
lxxxvi.bar,available,52,1%,6,Mathematics,,,
repulsive.bar,available,52,1%,9,Humanities,,,
lxxv.bar,available,52,2%,4,Mathematics,,,
lxxxii.bar,available,52,1%,6,Mathematics,,,
littlejoe.bar,available,52,2%,10,"Entertainment,Media",,,
xci.bar,available,52,4%,3,Mathematics,,,
xciii.bar,available,52,1%,5,Mathematics,,,
odious.bar,available,52,2%,6,"Entertainment,Humanities",,,
sixtysix.bar,available,52,5%,9,Mathematics,,,
lxvi.bar,available,52,3%,4,Mathematics,,,
eightyone.bar,available,52,3%,10,Mathematics,,,
lxii.bar,available,52,2%,4,Mathematics,,,
lxiv.bar,available,52,3%,4,Mathematics,,,
lxxxiii.bar,available,52,1%,7,Mathematics,,,
abusive.bar,available,52,3%,7,"Healthcare,Law",,,
abstruse.bar,available,52,5%,8,"Humanities,Mathematics,Science",,,
lxxi.bar,available,52,2%,4,Mathematics,,,
lxxxv.bar,available,52,1%,5,Mathematics,,,
lxxxiv.bar,available,52,1%,6,Mathematics,,,
ninetyone.bar,available,52,5%,10,Mathematics,,,
xcii.bar,available,52,2%,4,Mathematics,,,
eightytwo.bar,available,52,4%,10,Mathematics,,,
ixl.bar,available,52,9%,3,Mathematics,,,
lxxvi.bar,available,52,1%,5,Mathematics,,,
adhominem.bar,available,50,2%,10,"Humanities,Law,Politics",,,
aculeated.bar,available,50,0%,9,"Engineering,Medicine,Science",,,
spinous.bar,available,50,1%,7,"Agriculture,Science",,,
abdicable.bar,available,50,0%,9,Law,,,
ogdoad.bar,available,50,1%,6,Mathematics,,,
acerbic.bar,available,50,2%,7,"Arts,Humanities,Media",,,
acapnotic.bar,available,50,0%,9,"Healthcare,Medicine,Science",,,
aborticide.bar,available,50,0%,10,Medicine,,,
gillless.bar,available,50,0%,9,Science,,,
acetous.bar,available,50,1%,7,Science,,,
cinque.bar,available,50,7%,6,Mathematics,,,
scummy.bar,available,50,1%,6,Humanities,,,
abbatial.bar,available,50,0%,8,Religion,,,
trine.bar,available,50,11%,5,"General,Religion",,,
abranchial.bar,available,50,0%,10,Science,,,
acetose.bar,available,50,1%,7,Science,,,
acerb.bar,available,50,2%,5,Science,,,
acellular.bar,available,50,1%,9,Science,,,
acquitted.bar,available,50,1%,9,Law,,,
acapnic.bar,available,50,0%,7,"Healthcare,Medicine,Science",,,
abducting.bar,available,50,0%,9,Medicine,,,
vinegary.bar,available,50,1%,8,Food and Beverage,,,
adactylous.bar,available,50,0%,10,Science,,,
abomasal.bar,available,50,0%,8,Agriculture,,,
acerose.bar,available,50,1%,7,Science,,,
lxx.bar,available,50,5%,3,Mathematics,,,
broached.bar,available,50,0%,8,Food and Beverage,,,
triplet.bar,available,50,8%,7,Science,,,
quint.bar,available,50,13%,5,"Arts,Entertainment",,,
acaudal.bar,available,50,1%,7,"Agriculture,Science",,,
needlelike.bar,available,50,0%,10,"Engineering,Medicine,Science",,,
abactinal.bar,available,50,0%,9,Science,,,
apriori.bar,available,48,13%,8,Mathematics,,,
ilxx.bar,available,48,1%,4,Mathematics,,,
lxxxviii.bar,available,48,1%,8,Mathematics,,,
execrable.bar,available,48,0%,9,"Entertainment,Humanities",,,
ilxxx.bar,available,48,1%,5,Mathematics,,,
abyssal.bar,available,48,12%,7,"Arts,Entertainment,Media",,,
notguilty.bar,available,48,5%,10,Law,,,
abstracted.bar,available,48,5%,10,"Arts,Humanities,Science",,,
acapnial.bar,available,46,0%,8,"Healthcare,Medicine,Science",,,
acanthoid.bar,available,46,1%,9,"Agriculture,Science",,,
acanthous.bar,available,46,0%,9,"Agriculture,Science",,,
vinegarish.bar,available,46,1%,10,Food and Beverage,,,
acicular.bar,available,46,2%,8,Science,,,
achenial.bar,available,46,1%,8,Science,,,
acarpous.bar,available,46,0%,8,"Agriculture,Science",,,
quaternary.bar,available,46,3%,10,Mathematics,,,
stemless.bar,available,46,2%,8,"Agriculture,Science",,,
acarpelous.bar,available,46,0%,10,"Agriculture,Science",,,
acetonic.bar,available,46,1%,8,Science,,,
cotyloid.bar,available,46,1%,8,Science,,,
stripling.bar,available,46,2%,9,"Education,Entertainment,Healthcare",,,
theabsurd.bar,available,46,1%,10,"Arts,Entertainment,Media",,,
acetylic.bar,available,46,1%,8,Science,,,
acetabular.bar,available,46,1%,10,Science,,,
acetylenic.bar,available,46,1%,10,Science,,,
achromic.bar,available,46,2%,8,Science,,,
acaudate.bar,available,46,1%,8,"Agriculture,Science",,,
achromous.bar,available,46,1%,9,Science,,,
acanthotic.bar,available,46,0%,10,"Agriculture,Science",,,
acephalous.bar,available,46,1%,10,Science,,,
acheronian.bar,available,46,1%,10,Humanities,,,
cotyloidal.bar,available,44,1%,10,Science,,,
acherontic.bar,available,44,1%,10,Humanities,,,
accusatory.bar,available,44,1%,10,Law,,,
phoebe.bar,available,41,14%,6,Science,,,
abscessed.bar,available,41,0%,9,Healthcare,,,
scurrilous.bar,available,40,1%,10,"Entertainment,Media,Politics",,,
accurst.bar,available,40,1%,7,Religion,,,
accusive.bar,available,40,1%,8,Law,,,